Title, Price, Rating, Touchscreen, Color, Ram
Acer Nitro V Gaming Laptop | Intel Core i5-13420H Processor | NVIDIA GeForce RTX 4050 Laptop GPU | 15.6" FHD IPS 144Hz Display | 8GB DDR5 | 512GB Gen 4 SSD | WiFi 6 | Backlit KB | ANV15-51-51H9, 649.99, 4.4, No, ‎Black, 8 GB
15.6'' FHD IPS Business Gaming Laptop 6-Cores AMD Ryzen 5 6600H 32GB DDR5 RAM 1TB SSD(Beat i5-12450H Up to 4.5GHz) 100W Type-C 6-Cores 660M GPU Fingerprint Backlit Keyboard Numpad, 599.99, None, No, Royal Blue, 32 GB
HP Victus 15.6" 144Hz FHD Gaming LaptopAMD Ryzen 5 7535HS16GB DDR5 RAM1TB SSDAMD Radeon RX 6550MBeats RTX 2050Backlit KeyboardWindows11 Pro Mica Silver, 612.00, 4.2, No, Black, 16 GB
acer Nitro V Gaming Laptop | AMD Ryzen 5 7535HS Hexa-Core Processor | NVIDIA GeForce RTX 4050 Laptop GPU | 15.6" FHD IPS 144Hz Display | 8GB DDR5 | 512GB SSD | WiFi 6 | Backlit KB | ANV15-41-R5N6, 649.99, 4.2, No, Black, 8 GB
HP Victus 15.6 i5 Gaming Laptop 15.6" FHD 1920*1080 144Hz Intel Core i5-12450H NVIDIA GeForce RTX 3050 32GB RAM 1TB SSD Backlit KB Touchpad SD Card Reader Webcam HDMI Wi-Fi 6 W11 H Blue, 625.88, 4.2, No, None, 32 GB
NIMO 15.6 FHD IPS Business Gaming Laptop 6-Cores AMD Ryzen 5 6600H 660M 6 nm 32GB RAM DDR5 1TB SSD (Beat i5-12450H up to 4.5GHz)100W Type-C Fingerprint Backlit Keyboard WiFi 5 Win 11, 599.00, 4.8, No, Gray, 32 GB
MSI Thin 15 15.6” 144Hz FHD Gaming Laptop: Intel Core i7-12650H NVIDIA Geforce RTX 4050 16GB DDR5 512GB NVMe SSD Cooler Boost 5 Win 11: Black B12VE-2023US, 799.99, 4.3, No, Black, 16 GB
HP Victus 15.6" Full HD 144Hz Gaming Laptop Intel Core i5-12450H NVIDIA GeForce RTX 305016GB RAM 512GB PCIe SSD Wi-Fi 6 Backlit KeyboardWindows 11 Pro Performance Blue, 592.00, 5, No, Blue, 16 GB
HP Victus 15 Gaming Laptop 15.6" FHD 144Hz Display AMD Ryzen 5 7535HS 32GB DDR5 RAM 2TB PCIe M.2 SSD NVIDIA GeForce RTX 2050 HDMI Webcam Backlit Keyboard Wi-Fi 6 Windows 11 Home Silver, 758.00, 4.3, No, ‎Silver, 64 GB
ASUS TUF Gaming A15 (2024) Gaming Laptop 15.6” FHD 144Hz Display NVIDIA® GeForce RTX™ 2050 AMD Ryzen™ 5 7535HS 8GB DDR5 512GB PCIe® Gen4 NVMe™ SSD Wi-Fi 6 Windows 11 FA506NF-ES51, 699.99, 4.4, No, Graphite Black, 8 GB
HP Victus 15.6 inch FHD 144Hz Gaming Laptop Intel Core i5-13420H NVIDIA GeForce RTX 4050 6GB - 16GB DDR4 512GB SSD Mica Silver (2024), 629.95, None, No, None, 16 GB
HP Victus 15 Gaming Laptop 15.6” FHD IPS Anti-Glare 144Hz Intel 8-core i5-12450H (Beat i7-11800H) 16GB RAM 512GB SSD GeForce RTX 3050 Backlit B&O Fast Charging Win11 Blue w/ICP Accessory, 599.00, 5, No, Blue, 16 GB
NIMO 15.6" FHD IPS Business Gaming Laptop 6-Cores AMD Ryzen 5 6600H 32GB DDR5 RAM 1TB SSD(Beat i5-12450H Up to 4.5GHz) 100W Type-C 6-Cores 660M GPU Fingerprint Backlit Keyboard Win 11, 599.99, 5, No, Royal Blue, 32 GB
Lenovo LOQ Gaming Laptop 15.6" FHD IPS 144Hz (100% sRGB G-SYNC) AMD Octa-Core Ryzen 7 7435HS (Beats i7-12650H) 16GB RAM 512GB SSD GeForce RTX 4050 Backlit Nahimic Rapid Charge Win11 w/ICP Accessory, 859.00, 4.8, No, Gray, 16 GB
MSI Thin 15 15.6” 144Hz FHD Gaming Laptop: Intel Core i5-13420H NVIDIA Geforce RTX 2050 16GB DDR5 512GB NVMe SSD Cooler Boost 5 Win 11: Black B13UCX-2040US, 627.00, 4.4, No, Black, 16 GB
Dell G15 5000 5520 15 Gaming Laptop | 15.6" FHD WVA 120Hz | 12th Gen Intel 12-Core i5-12500H (>i7-11850H) | 8GB DDR5 256GB SSD | GeForce RTX 3050 4GB | Backlit USB-C HDMI RGB Camera Win11Pro Gray, 799.00, 4.7, No, ‎Black, 8 GB
Lenovo IdeaPad Gaming 3 Laptop 15.6"" FHD IPS Display AMD Ryzen 5 5500H Processor GeForce RTX 2050 32GB RAM 1TB PCIe SSD Wi-Fi 6 Backlit Keyboard Windows 11 Home Black, 699.99, 5, No, Black, 32 GB
acer Nitro 5 Gaming Laptop 15.6-inch 16GB 1TB SSD Intel Core i7-12650H 2.3GHz NVIDIA GeForce RTX 4050 Windows 11 (Renewed), 755.99, 4.2, No, Obsidian Black, 16 GB
HP Victus 15.6 Ryzen 5 RTX 4050 Premium Gaming Laptop 15.6" FHD 144Hz AMD Ryzen 5 8645HS (Beats Intel i7-1355U & Intel i5-14400F) NVIDIA GeForce RTX 4050 32GB DDR5 RAM 1TB SSD Backlit KB W11P, 797.00, 4, No, Silver, 32 GB
MSI Thin 15 Gaming Laptop 15.6" FHD IPS 144Hz Intel Octa-core i5-13420H (Beats i7-11800H) 16GB RAM 512GB SSD GeForce RTX 4050 Backlit USB-C Win11 w/ICP Accessory, 769.00, 4.3, No, Black, 16 GB
HP Victus 15 Gaming Laptop 2024 15.6” FHD 1920 x 1080 IPS 144hz Intel Core i5-12450H NVIDIA GeForce RTX 3050 4GB GDDR6 8GB DDR4 512GB SSD Backlit Keyboard Wi-Fi 6 Bluetooth 5.3 Windows 11 Home Blue, 719.00, None, No, Performance Blue, 8 GB
HP Victus Gaming Laptop 15.6" 144Hz FHD 8-Core Intel i5-13420H NVIDIA RTX 4050 6GB GPU 32GB RAM 1TB SSD Backlit KB WiFi 6 Webcam KeyPad USB-C 3-in-1 Essential Gaming Bundle Win 11 Pro, 799.99, None, No, ‎Mica Silver, 32 GB
MSI Thin GF63 Gaming Laptop: Intel Core i5-12450H GeForce RTX 2050 15.6" FHD 144Hz 32GB DDR4 1TB NVMe SSD Type-C USB 3.2 Gen 1 Cooler Boost 5 Win 11 Home Black, 650.00, 4, No, ‎Black, 32 GB
Lenovo V15 Laptop 15.6" FHD Display AMD Ryzen 5 5500U Hexa-core Processor (Beat i7-1065G7) 40GB RAM 1TB SSD RJ-45 Numeric Keypad Wi-Fi Windows 11 Pro Black Additional 1 Yr ADP, 644.99, 4.3, No, ‎Black, 40 GB
15.6 Inch Laptop ComputerGaming LaptopAMD Ryzen 7 5700U 8C/16T Processor(up to 4.3Ghz)16GB RAM 1TB SSDAMD Radeon Graphics15.6” FHD 1920 * 1080 DisplayWiFi 5BT5.0Backlit Keyboard, 599.99, 5, No, ‎Gray, 16 GB
Acer Nitro 5 AN515-58-725A Gaming Laptop | Intel Core i7-12700H | NVIDIA GeForce RTX 3060 GPU | 15.6" FHD 144Hz 3ms IPS Display | 16GB DDR4 | 512GB Gen 4 SSD | Killer Wi-Fi 6 | RGB Keyboard, 888.00, 4.6, No, ‎Black, 16 GB
ASUS TUF Gaming F15 (2023) Gaming Laptop 15.6” FHD 144Hz 100% sRGB Display GeForce RTX 4050 Intel Core i5-13500H 16GB DDR4 512GB PCIe SSD Gen 4 Wi-Fi 6 Windows 11 FX507VU-ES53, 950.00, 4.5, No, ‎Blue, 16 GB
HP Victus Gaming Laptop 15.6" FHD IPS 144Hz Intel Octa-core i5-13420H (>i7-12650H) 16GB RAM 512GB SSD GeForce RTX 4050 6GB Backlit USB-C B&O Fast Charge Win11 w/ICP Accessory, 692.49, None, No, Black, 16 GB
HP Victus 15.6 Ryzen 5 RTX 4050 Premium Gaming Laptop 15.6" FHD 144Hz AMD Ryzen 5 8645HS (Beats Intel i7-1355U & Intel i5-14400F) NVIDIA GeForce RTX 4050 16GB DDR5 RAM 1TB SSD Backlit KB W11P, 759.00, 3.8, No, Silver, 16 GB
HP Victus Gaming Laptop | 15.6" FHD IPS 144Hz | Intel 8-core i5-13420H (>i7-12650H) | 16GB DDR4 512GB SSD | GeForce RTX 4050 6GB | Backlit USB-C B&O Fast Charge Win11Pro w/DLCA Accessory, 699.00, None, No, Black, 16 GB
HP Victus 15 Gaming Laptop (15.6" FHD 144Hz IPS AMD Ryzen 5 7535HS 16GB DDR5 RAM 512GB PCle SSD (Radeon RX 6550M 4GB Beat RTX3050)) Backlit KB Wi-Fi 6 Webcam Ethernet Win 11 Home 2024, 649.99, 4.2, No, Mica silver, 16 GB
ASUS TUF F15 Gaming Laptop 15.6" FHD IPS 144Hz (MUX Switch + Optimus) Intel 12-core i5-12500H (Beats i7-11800H) 16GB RAM 512GB SSD GeForce RTX 3050 Backlit Thunderbolt4 USB-C Win11 w/ICP Accessory, 799.00, 4.5, No, Gray, 16 GB
Acer Nitro V Gaming Laptop | Intel Core i5-13420H Processor | NVIDIA GeForce RTX 4050 Laptop GPU | 15.6" FHD IPS 144Hz Display | 8GB DDR5 | 512GB Gen 4 SSD | WiFi 6 | Backlit KB | ANV15-51-51H9, 649.99, 4.4, No, Black, 8 GB
15.6'' FHD IPS Business Gaming Laptop 6-Cores AMD Ryzen 5 6600H 32GB DDR5 RAM 1TB SSD(Beat i5-12450H Up to 4.5GHz) 100W Type-C 6-Cores 660M GPU Fingerprint Backlit Keyboard Numpad, 599.99, 4.5, No, Royal Blue, 32 GB
HP Victus 15.6" 144Hz FHD Gaming LaptopAMD Ryzen 5 7535HS16GB DDR5 RAM1TB SSDAMD Radeon RX 6550MBeats RTX 2050Backlit KeyboardWindows11 Pro Mica Silver, 612.00, 4.2, No, Black, 16 GB
acer Nitro V Gaming Laptop | AMD Ryzen 5 7535HS Hexa-Core Processor | NVIDIA GeForce RTX 4050 Laptop GPU | 15.6" FHD IPS 144Hz Display | 8GB DDR5 | 512GB SSD | WiFi 6 | Backlit KB | ANV15-41-R5N6, 649.99, 4.2, No, None, 8 GB
HP Victus 15.6 i5 Gaming Laptop 15.6" FHD 1920*1080 144Hz Intel Core i5-12450H NVIDIA GeForce RTX 3050 32GB RAM 1TB SSD Backlit KB Touchpad SD Card Reader Webcam HDMI Wi-Fi 6 W11 H Blue, 625.88, 4.2, No, None, 32 GB
NIMO 15.6 FHD IPS Business Gaming Laptop 6-Cores AMD Ryzen 5 6600H 660M 6 nm 32GB RAM DDR5 1TB SSD (Beat i5-12450H up to 4.5GHz)100W Type-C Fingerprint Backlit Keyboard WiFi 5 Win 11, 599.00, 4.8, No, ‎Gray, 32 GB
MSI Thin 15 15.6” 144Hz FHD Gaming Laptop: Intel Core i7-12650H NVIDIA Geforce RTX 4050 16GB DDR5 512GB NVMe SSD Cooler Boost 5 Win 11: Black B12VE-2023US, 799.99, 4.3, No, ‎Black, 16 GB
HP Victus 15.6" Full HD 144Hz Gaming Laptop Intel Core i5-12450H NVIDIA GeForce RTX 305016GB RAM 512GB PCIe SSD Wi-Fi 6 Backlit KeyboardWindows 11 Pro Performance Blue, 592.00, 5, No, ‎Blue, 16 GB
HP Victus 15 Gaming Laptop 15.6" FHD 144Hz Display AMD Ryzen 5 7535HS 32GB DDR5 RAM 2TB PCIe M.2 SSD NVIDIA GeForce RTX 2050 HDMI Webcam Backlit Keyboard Wi-Fi 6 Windows 11 Home Silver, 758.00, 4.3, No, ‎Silver, 64 GB
ASUS TUF Gaming A15 (2024) Gaming Laptop 15.6” FHD 144Hz Display NVIDIA® GeForce RTX™ 2050 AMD Ryzen™ 5 7535HS 8GB DDR5 512GB PCIe® Gen4 NVMe™ SSD Wi-Fi 6 Windows 11 FA506NF-ES51, 699.99, 4.4, No, ‎Graphite Black, 8 GB
HP Victus 15.6 inch FHD 144Hz Gaming Laptop Intel Core i5-13420H NVIDIA GeForce RTX 4050 6GB - 16GB DDR4 512GB SSD Mica Silver (2024), 629.95, None, No, None, 16 GB
HP Victus 15 Gaming Laptop 15.6” FHD IPS Anti-Glare 144Hz Intel 8-core i5-12450H (Beat i7-11800H) 16GB RAM 512GB SSD GeForce RTX 3050 Backlit B&O Fast Charging Win11 Blue w/ICP Accessory, 599.00, 5, No, ‎Blue, 16 GB
NIMO 15.6" FHD IPS Business Gaming Laptop 6-Cores AMD Ryzen 5 6600H 32GB DDR5 RAM 1TB SSD(Beat i5-12450H Up to 4.5GHz) 100W Type-C 6-Cores 660M GPU Fingerprint Backlit Keyboard Win 11, 599.99, 5, No, Royal Blue, 32 GB
Lenovo LOQ Gaming Laptop 15.6" FHD IPS 144Hz (100% sRGB G-SYNC) AMD Octa-Core Ryzen 7 7435HS (Beats i7-12650H) 16GB RAM 512GB SSD GeForce RTX 4050 Backlit Nahimic Rapid Charge Win11 w/ICP Accessory, 859.00, 4.8, No, Gray, 16 GB
MSI Thin 15 15.6” 144Hz FHD Gaming Laptop: Intel Core i5-13420H NVIDIA Geforce RTX 2050 16GB DDR5 512GB NVMe SSD Cooler Boost 5 Win 11: Black B13UCX-2040US, 627.00, 4.4, No, ‎Black, 16 GB
Dell G15 5000 5520 15 Gaming Laptop | 15.6" FHD WVA 120Hz | 12th Gen Intel 12-Core i5-12500H (>i7-11850H) | 8GB DDR5 256GB SSD | GeForce RTX 3050 4GB | Backlit USB-C HDMI RGB Camera Win11Pro Gray, 799.00, 4.7, No, Black, 8 GB
Lenovo IdeaPad Gaming 3 Laptop 15.6"" FHD IPS Display AMD Ryzen 5 5500H Processor GeForce RTX 2050 32GB RAM 1TB PCIe SSD Wi-Fi 6 Backlit Keyboard Windows 11 Home Black, 699.99, 5, No, ‎Black, 32 GB
acer Nitro 5 Gaming Laptop 15.6-inch 16GB 1TB SSD Intel Core i7-12650H 2.3GHz NVIDIA GeForce RTX 4050 Windows 11 (Renewed), 755.99, 4.2, No, ‎Obsidian Black, 16 GB
HP Victus 15.6 Ryzen 5 RTX 4050 Premium Gaming Laptop 15.6" FHD 144Hz AMD Ryzen 5 8645HS (Beats Intel i7-1355U & Intel i5-14400F) NVIDIA GeForce RTX 4050 32GB DDR5 RAM 1TB SSD Backlit KB W11P, 797.00, 4, No, ‎Silver, 32 GB
MSI Thin 15 Gaming Laptop 15.6" FHD IPS 144Hz Intel Octa-core i5-13420H (Beats i7-11800H) 16GB RAM 512GB SSD GeForce RTX 4050 Backlit USB-C Win11 w/ICP Accessory, 769.00, 4.3, No, Black, 16 GB
HP Victus 15 Gaming Laptop 2024 15.6” FHD 1920 x 1080 IPS 144hz Intel Core i5-12450H NVIDIA GeForce RTX 3050 4GB GDDR6 8GB DDR4 512GB SSD Backlit Keyboard Wi-Fi 6 Bluetooth 5.3 Windows 11 Home Blue, 719.00, None, No, Performance Blue, 8 GB
HP Victus Gaming Laptop 15.6" 144Hz FHD 8-Core Intel i5-13420H NVIDIA RTX 4050 6GB GPU 32GB RAM 1TB SSD Backlit KB WiFi 6 Webcam KeyPad USB-C 3-in-1 Essential Gaming Bundle Win 11 Pro, 799.99, None, No, Mica Silver, 32 GB
MSI Thin GF63 Gaming Laptop: Intel Core i5-12450H GeForce RTX 2050 15.6" FHD 144Hz 32GB DDR4 1TB NVMe SSD Type-C USB 3.2 Gen 1 Cooler Boost 5 Win 11 Home Black, 650.00, 4, No, ‎Black, 32 GB
Lenovo V15 Laptop 15.6" FHD Display AMD Ryzen 5 5500U Hexa-core Processor (Beat i7-1065G7) 40GB RAM 1TB SSD RJ-45 Numeric Keypad Wi-Fi Windows 11 Pro Black Additional 1 Yr ADP, 644.99, 4.3, No, ‎Black, 40 GB
15.6 Inch Laptop ComputerGaming LaptopAMD Ryzen 7 5700U 8C/16T Processor(up to 4.3Ghz)16GB RAM 1TB SSDAMD Radeon Graphics15.6” FHD 1920 * 1080 DisplayWiFi 5BT5.0Backlit Keyboard, 599.99, 5, No, ‎Gray, 16 GB
Acer Nitro 5 AN515-58-725A Gaming Laptop | Intel Core i7-12700H | NVIDIA GeForce RTX 3060 GPU | 15.6" FHD 144Hz 3ms IPS Display | 16GB DDR4 | 512GB Gen 4 SSD | Killer Wi-Fi 6 | RGB Keyboard, 888.00, 4.6, No, Black, 16 GB
ASUS TUF Gaming F15 (2023) Gaming Laptop 15.6” FHD 144Hz 100% sRGB Display GeForce RTX 4050 Intel Core i5-13500H 16GB DDR4 512GB PCIe SSD Gen 4 Wi-Fi 6 Windows 11 FX507VU-ES53, 950.00, 4.5, No, Blue, 16 GB
HP Victus Gaming Laptop 15.6" FHD IPS 144Hz Intel Octa-core i5-13420H (>i7-12650H) 16GB RAM 512GB SSD GeForce RTX 4050 6GB Backlit USB-C B&O Fast Charge Win11 w/ICP Accessory, 692.49, None, No, Black, 16 GB
HP Victus 15.6 Ryzen 5 RTX 4050 Premium Gaming Laptop 15.6" FHD 144Hz AMD Ryzen 5 8645HS (Beats Intel i7-1355U & Intel i5-14400F) NVIDIA GeForce RTX 4050 16GB DDR5 RAM 1TB SSD Backlit KB W11P, 759.00, 3.8, No, ‎Silver, 16 GB
HP Victus Gaming Laptop | 15.6" FHD IPS 144Hz | Intel 8-core i5-13420H (>i7-12650H) | 16GB DDR4 512GB SSD | GeForce RTX 4050 6GB | Backlit USB-C B&O Fast Charge Win11Pro w/DLCA Accessory, 699.00, None, No, Black, 16 GB
HP Victus 15 Gaming Laptop (15.6" FHD 144Hz IPS AMD Ryzen 5 7535HS 16GB DDR5 RAM 512GB PCle SSD (Radeon RX 6550M 4GB Beat RTX3050)) Backlit KB Wi-Fi 6 Webcam Ethernet Win 11 Home 2024, 649.99, 4.2, No, ‎Mica silver, 16 GB
ASUS TUF F15 Gaming Laptop 15.6" FHD IPS 144Hz (MUX Switch + Optimus) Intel 12-core i5-12500H (Beats i7-11800H) 16GB RAM 512GB SSD GeForce RTX 3050 Backlit Thunderbolt4 USB-C Win11 w/ICP Accessory, 799.00, 4.5, No, Gray, 16 GB
Acer Nitro V Gaming Laptop | Intel Core i5-13420H Processor | NVIDIA GeForce RTX 4050 Laptop GPU | 15.6" FHD IPS 144Hz Display | 8GB DDR5 | 512GB Gen 4 SSD | WiFi 6 | Backlit KB | ANV15-51-51H9, 649.99, 4.4, No, ‎Black, 8 GB
15.6'' FHD IPS Business Gaming Laptop 6-Cores AMD Ryzen 5 6600H 32GB DDR5 RAM 1TB SSD(Beat i5-12450H Up to 4.5GHz) 100W Type-C 6-Cores 660M GPU Fingerprint Backlit Keyboard Numpad, 599.99, 4.5, No, Royal Blue, 32 GB
HP Victus 15.6" 144Hz FHD Gaming LaptopAMD Ryzen 5 7535HS16GB DDR5 RAM1TB SSDAMD Radeon RX 6550MBeats RTX 2050Backlit KeyboardWindows11 Pro Mica Silver, 612.00, 4.2, No, ‎Black, 16 GB
acer Nitro V Gaming Laptop | AMD Ryzen 5 7535HS Hexa-Core Processor | NVIDIA GeForce RTX 4050 Laptop GPU | 15.6" FHD IPS 144Hz Display | 8GB DDR5 | 512GB SSD | WiFi 6 | Backlit KB | ANV15-41-R5N6, 649.99, 4.2, No, None, 8 GB
HP Victus 15.6 i5 Gaming Laptop 15.6" FHD 1920*1080 144Hz Intel Core i5-12450H NVIDIA GeForce RTX 3050 32GB RAM 1TB SSD Backlit KB Touchpad SD Card Reader Webcam HDMI Wi-Fi 6 W11 H Blue, 625.88, 4.2, No, ‎Blue, 32 GB
NIMO 15.6 FHD IPS Business Gaming Laptop 6-Cores AMD Ryzen 5 6600H 660M 6 nm 32GB RAM DDR5 1TB SSD (Beat i5-12450H up to 4.5GHz)100W Type-C Fingerprint Backlit Keyboard WiFi 5 Win 11, 599.00, 4.8, No, ‎Gray, 32 GB
MSI Thin 15 15.6” 144Hz FHD Gaming Laptop: Intel Core i7-12650H NVIDIA Geforce RTX 4050 16GB DDR5 512GB NVMe SSD Cooler Boost 5 Win 11: Black B12VE-2023US, 799.99, 4.3, No, Black, 16 GB
HP Victus 15.6" Full HD 144Hz Gaming Laptop Intel Core i5-12450H NVIDIA GeForce RTX 305016GB RAM 512GB PCIe SSD Wi-Fi 6 Backlit KeyboardWindows 11 Pro Performance Blue, 592.00, 5, No, Azul, 16 GB
ASUS TUF Gaming A15 (2024) Gaming Laptop 15.6” FHD 144Hz Display NVIDIA® GeForce RTX™ 2050 AMD Ryzen™ 5 7535HS 8GB DDR5 512GB PCIe® Gen4 NVMe™ SSD Wi-Fi 6 Windows 11 FA506NF-ES51, 699.99, 4.4, No, Graphite Black, 8 GB
HP Victus 15 Gaming Laptop 15.6" FHD 144Hz Display AMD Ryzen 5 7535HS 32GB DDR5 RAM 2TB PCIe M.2 SSD NVIDIA GeForce RTX 2050 HDMI Webcam Backlit Keyboard Wi-Fi 6 Windows 11 Home Silver, 758.00, 4.3, No, ‎Silver, 64 GB
HP Victus 15.6 inch FHD 144Hz Gaming Laptop Intel Core i5-13420H NVIDIA GeForce RTX 4050 6GB - 16GB DDR4 512GB SSD Mica Silver (2024), 629.95, None, No, None, 16 GB
HP Victus 15 Gaming Laptop 15.6” FHD IPS Anti-Glare 144Hz Intel 8-core i5-12450H (Beat i7-11800H) 16GB RAM 512GB SSD GeForce RTX 3050 Backlit B&O Fast Charging Win11 Blue w/ICP Accessory, 599.00, 5, No, Blue, 16 GB
NIMO 15.6" FHD IPS Business Gaming Laptop 6-Cores AMD Ryzen 5 6600H 32GB DDR5 RAM 1TB SSD(Beat i5-12450H Up to 4.5GHz) 100W Type-C 6-Cores 660M GPU Fingerprint Backlit Keyboard Win 11, 599.99, 5, No, ‎Royal Blue, 32 GB
Lenovo LOQ Gaming Laptop 15.6" FHD IPS 144Hz (100% sRGB G-SYNC) AMD Octa-Core Ryzen 7 7435HS (Beats i7-12650H) 16GB RAM 512GB SSD GeForce RTX 4050 Backlit Nahimic Rapid Charge Win11 w/ICP Accessory, 859.00, 4.8, No, ‎Gray, 16 GB
MSI Thin 15 15.6” 144Hz FHD Gaming Laptop: Intel Core i5-13420H NVIDIA Geforce RTX 2050 16GB DDR5 512GB NVMe SSD Cooler Boost 5 Win 11: Black B13UCX-2040US, 627.00, 4.4, No, Black, 16 GB
Dell G15 5000 5520 15 Gaming Laptop | 15.6" FHD WVA 120Hz | 12th Gen Intel 12-Core i5-12500H (>i7-11850H) | 8GB DDR5 256GB SSD | GeForce RTX 3050 4GB | Backlit USB-C HDMI RGB Camera Win11Pro Gray, 799.00, 4.7, No, Black, 8 GB
